codigo_variable,descripcion,modulo_origen,estatus,criterio,razon_detallada
DIRECTORIO,DIRECTORIO,Llave compartida (D + G + I),INCLUIDA,llave_identificadora_o_peso_poblacional,Necesaria para hacer merge entre los tres módulos a nivel persona. FEX_C es además el factor de expansión para estimaciones poblacionales.
SECUENCIA_ENCUESTA,Número de la persona dentro del hogar,Llave compartida (D + G + I),INCLUIDA,llave_identificadora_o_peso_poblacional,Necesaria para hacer merge entre los tres módulos a nivel persona. FEX_C es además el factor de expansión para estimaciones poblacionales.
SECUENCIA_P,Número del Hogar dentro de la vivienda,Llave compartida (D + G + I),INCLUIDA,llave_identificadora_o_peso_poblacional,Necesaria para hacer merge entre los tres módulos a nivel persona. FEX_C es además el factor de expansión para estimaciones poblacionales.
ORDEN,Número de la persona dentro del hogar,Llave compartida (D + G + I),INCLUIDA,llave_identificadora_o_peso_poblacional,Necesaria para hacer merge entre los tres módulos a nivel persona. FEX_C es además el factor de expansión para estimaciones poblacionales.
FEX_C,Factor de expansión,Llave compartida (D + G + I),INCLUIDA,llave_identificadora_o_peso_poblacional,Necesaria para hacer merge entre los tres módulos a nivel persona. FEX_C es además el factor de expansión para estimaciones poblacionales.
P6016,Número de orden de la persona que proporciona la información:,D - Características y composición del hogar,EXCLUIDA,no_relevante_para_pregunta_de_investigacion,Número de orden del informante del hogar. Metadato administrativo del cuestionario.
P1894,1. Tipo de documento de identidad,D - Características y composición del hogar,EXCLUIDA,no_relevante_para_pregunta_de_investigacion,"Tipo de documento de identidad. Metadato administrativo, no relevante para brecha digital."
P6020,2. Sexo al nacer:,D - Características y composición del hogar,INCLUIDA,insumo_directo_de_feature,"Variable cruda usada como insumo directo del pipeline → sexo, hh_sexo (recodificación de hombre/mujer)."
P6034,3. ¿Cuál es la fecha de nacimiento de ...?,D - Características y composición del hogar,EXCLUIDA,no_relevante_para_pregunta_de_investigacion,Fecha de nacimiento. Redundante con P6040 (edad en años ya capturada).
P6040,4. ¿Cuántos años cumplidos tiene ...?,D - Características y composición del hogar,INCLUIDA,insumo_directo_de_feature,"Variable cruda usada como insumo directo del pipeline → hh_edad y grupo_etario, hh_grupo_etario (edad y bins demográficos)."
P6051,5. ¿Cuál es el parentesco de ... con el jefe o la jefa de este hogar?,D - Características y composición del hogar,EXCLUIDA,no_relevante_para_pregunta_de_investigacion,Parentesco con el jefe del hogar. No usada en el diseño actual.
P5502,6. Actualmente ...:,D - Características y composición del hogar,EXCLUIDA,no_relevante_para_pregunta_de_investigacion,"Estado civil. Posible covariable demográfica, no incluida en el diseño actual."
P6071,7. El (la) cónyuge de ... ¿Vive en este hogar?,D - Características y composición del hogar,EXCLUIDA,no_relevante_para_pregunta_de_investigacion,¿El cónyuge vive en este hogar? Pregunta filtro no usada.
P6071S1,No. de orden,D - Características y composición del hogar,EXCLUIDA,no_relevante_para_pregunta_de_investigacion,Número de orden del cónyuge si vive en el hogar. No usada.
P756,8. ¿Dónde nació ________?,D - Características y composición del hogar,EXCLUIDA,no_relevante_para_pregunta_de_investigacion,Lugar de nacimiento (pregunta padre con sub-variables). Fuera del scope.
P756S1,Departamento,D - Características y composición del hogar,EXCLUIDA,no_relevante_para_pregunta_de_investigacion,Departamento de nacimiento. Fuera del scope.
P756S2,Municipio,D - Características y composición del hogar,EXCLUIDA,no_relevante_para_pregunta_de_investigacion,Municipio de nacimiento. Fuera del scope.
P756S3,En otro país,D - Características y composición del hogar,EXCLUIDA,no_relevante_para_pregunta_de_investigacion,País de nacimiento (si extranjero). Fuera del scope.
P3510,8A. ¿Qué nacionalidad tiene?,D - Características y composición del hogar,EXCLUIDA,paraguas_de_nacionalidad,"Cabecera de pregunta de nacionalidad. Información en las sub-paraguas P3510S1 y P3510S2, y a su vez en sus 22 banderas país. Tema fuera del scope de brecha digital."
P3510S1,País o países de nacionalidad (además de colombiana),D - Características y composición del hogar,EXCLUIDA,sub_paraguas_anidada_nacionalidad,"100% NaN. Es una sub-paraguas: rama de la pregunta P3510 (nacionalidad). Sus hijas no siguen el patrón S<n> sino S{1,2}A<n> (banderas país individuales)."
P3510S1A1,1. Estadounidense,D - Características y composición del hogar,EXCLUIDA,bandera_pais_de_nacionalidad_n_menor_50,"Indicador binario de nacionalidad específica (estadounidense, española, etc.). Cada bandera tiene n < 50 personas en la muestra. Irrelevante para análisis de brecha digital en Colombia."
P3510S1A2,2. Española,D - Características y composición del hogar,EXCLUIDA,bandera_pais_de_nacionalidad_n_menor_50,"Indicador binario de nacionalidad específica (estadounidense, española, etc.). Cada bandera tiene n < 50 personas en la muestra. Irrelevante para análisis de brecha digital en Colombia."
P3510S1A3,3. Venezolana,D - Características y composición del hogar,EXCLUIDA,bandera_pais_de_nacionalidad_n_menor_50,"Indicador binario de nacionalidad específica (estadounidense, española, etc.). Cada bandera tiene n < 50 personas en la muestra. Irrelevante para análisis de brecha digital en Colombia."
P3510S1A4,4. Ecuatoriana,D - Características y composición del hogar,EXCLUIDA,bandera_pais_de_nacionalidad_n_menor_50,"Indicador binario de nacionalidad específica (estadounidense, española, etc.). Cada bandera tiene n < 50 personas en la muestra. Irrelevante para análisis de brecha digital en Colombia."
P3510S1A5,5. Panameña,D - Características y composición del hogar,EXCLUIDA,bandera_pais_de_nacionalidad_n_menor_50,"Indicador binario de nacionalidad específica (estadounidense, española, etc.). Cada bandera tiene n < 50 personas en la muestra. Irrelevante para análisis de brecha digital en Colombia."
P3510S1A6,6. Peruana,D - Características y composición del hogar,EXCLUIDA,bandera_pais_de_nacionalidad_n_menor_50,"Indicador binario de nacionalidad específica (estadounidense, española, etc.). Cada bandera tiene n < 50 personas en la muestra. Irrelevante para análisis de brecha digital en Colombia."
P3510S1A7,7. Costarricense,D - Características y composición del hogar,EXCLUIDA,bandera_pais_de_nacionalidad_n_menor_50,"Indicador binario de nacionalidad específica (estadounidense, española, etc.). Cada bandera tiene n < 50 personas en la muestra. Irrelevante para análisis de brecha digital en Colombia."
P3510S1A8,8. Argentina,D - Características y composición del hogar,EXCLUIDA,bandera_pais_de_nacionalidad_n_menor_50,"Indicador binario de nacionalidad específica (estadounidense, española, etc.). Cada bandera tiene n < 50 personas en la muestra. Irrelevante para análisis de brecha digital en Colombia."
P3510S1A9,9. Francesa,D - Características y composición del hogar,EXCLUIDA,bandera_pais_de_nacionalidad_n_menor_50,"Indicador binario de nacionalidad específica (estadounidense, española, etc.). Cada bandera tiene n < 50 personas en la muestra. Irrelevante para análisis de brecha digital en Colombia."
P3510S1A10,10. Italiana,D - Características y composición del hogar,EXCLUIDA,bandera_pais_de_nacionalidad_n_menor_50,"Indicador binario de nacionalidad específica (estadounidense, española, etc.). Cada bandera tiene n < 50 personas en la muestra. Irrelevante para análisis de brecha digital en Colombia."
P3510S1A11,11. Otra,D - Características y composición del hogar,EXCLUIDA,bandera_pais_de_nacionalidad_n_menor_50,"Indicador binario de nacionalidad específica (estadounidense, española, etc.). Cada bandera tiene n < 50 personas en la muestra. Irrelevante para análisis de brecha digital en Colombia."
P3510S2,País o países de nacionalidad (sin colombiana),D - Características y composición del hogar,EXCLUIDA,sub_paraguas_anidada_nacionalidad,"100% NaN. Es una sub-paraguas: rama de la pregunta P3510 (nacionalidad). Sus hijas no siguen el patrón S<n> sino S{1,2}A<n> (banderas país individuales)."
P3510S2A1,1. Estados Unidos,D - Características y composición del hogar,EXCLUIDA,bandera_pais_de_nacionalidad_n_menor_50,"Indicador binario de nacionalidad específica (estadounidense, española, etc.). Cada bandera tiene n < 50 personas en la muestra. Irrelevante para análisis de brecha digital en Colombia."
P3510S2A2,2. España,D - Características y composición del hogar,EXCLUIDA,bandera_pais_de_nacionalidad_n_menor_50,"Indicador binario de nacionalidad específica (estadounidense, española, etc.). Cada bandera tiene n < 50 personas en la muestra. Irrelevante para análisis de brecha digital en Colombia."
P3510S2A3,3. Venezuela,D - Características y composición del hogar,EXCLUIDA,bandera_pais_de_nacionalidad_n_menor_50,"Indicador binario de nacionalidad específica (estadounidense, española, etc.). Cada bandera tiene n < 50 personas en la muestra. Irrelevante para análisis de brecha digital en Colombia."
P3510S2A4,4. Ecuador,D - Características y composición del hogar,EXCLUIDA,bandera_pais_de_nacionalidad_n_menor_50,"Indicador binario de nacionalidad específica (estadounidense, española, etc.). Cada bandera tiene n < 50 personas en la muestra. Irrelevante para análisis de brecha digital en Colombia."
P3510S2A5,5. Panamá,D - Características y composición del hogar,EXCLUIDA,bandera_pais_de_nacionalidad_n_menor_50,"Indicador binario de nacionalidad específica (estadounidense, española, etc.). Cada bandera tiene n < 50 personas en la muestra. Irrelevante para análisis de brecha digital en Colombia."
P3510S2A6,6. Perú,D - Características y composición del hogar,EXCLUIDA,bandera_pais_de_nacionalidad_n_menor_50,"Indicador binario de nacionalidad específica (estadounidense, española, etc.). Cada bandera tiene n < 50 personas en la muestra. Irrelevante para análisis de brecha digital en Colombia."
P3510S2A7,7. Costa Rica,D - Características y composición del hogar,EXCLUIDA,bandera_pais_de_nacionalidad_n_menor_50,"Indicador binario de nacionalidad específica (estadounidense, española, etc.). Cada bandera tiene n < 50 personas en la muestra. Irrelevante para análisis de brecha digital en Colombia."
P3510S2A8,8. Argentina,D - Características y composición del hogar,EXCLUIDA,bandera_pais_de_nacionalidad_n_menor_50,"Indicador binario de nacionalidad específica (estadounidense, española, etc.). Cada bandera tiene n < 50 personas en la muestra. Irrelevante para análisis de brecha digital en Colombia."
P3510S2A9,9. Francia,D - Características y composición del hogar,EXCLUIDA,bandera_pais_de_nacionalidad_n_menor_50,"Indicador binario de nacionalidad específica (estadounidense, española, etc.). Cada bandera tiene n < 50 personas en la muestra. Irrelevante para análisis de brecha digital en Colombia."
P3510S2A10,10. Italia,D - Características y composición del hogar,EXCLUIDA,bandera_pais_de_nacionalidad_n_menor_50,"Indicador binario de nacionalidad específica (estadounidense, española, etc.). Cada bandera tiene n < 50 personas en la muestra. Irrelevante para análisis de brecha digital en Colombia."
P3510S2A11,11. Otro país,D - Características y composición del hogar,EXCLUIDA,bandera_pais_de_nacionalidad_n_menor_50,"Indicador binario de nacionalidad específica (estadounidense, española, etc.). Cada bandera tiene n < 50 personas en la muestra. Irrelevante para análisis de brecha digital en Colombia."
P6074,9. ¿... siempre ha vivido aquí en este municipio?,D - Características y composición del hogar,EXCLUIDA,no_relevante_para_pregunta_de_investigacion,¿Siempre ha vivido en este municipio? Variable de migración no usada.
P755,"10. ¿Dónde vivía ..., hace 5 años?",D - Características y composición del hogar,EXCLUIDA,no_relevante_para_pregunta_de_investigacion,Lugar de residencia hace 5 años. Variable de migración (paraguas geográfico) no usada.
P755S1,Departamento,D - Características y composición del hogar,EXCLUIDA,no_relevante_para_pregunta_de_investigacion,"Departamento de residencia hace 5 años. Migración, fuera del scope."
P755S2,Municipio,D - Características y composición del hogar,EXCLUIDA,no_relevante_para_pregunta_de_investigacion,"Municipio de residencia hace 5 años. Migración, fuera del scope."
P755S3,En otro país,D - Características y composición del hogar,EXCLUIDA,no_relevante_para_pregunta_de_investigacion,"País de residencia hace 5 años. Migración, fuera del scope."
P754,11. El lugar donde vivía ... hace 5 años era:,D - Características y composición del hogar,EXCLUIDA,no_relevante_para_pregunta_de_investigacion,Zona urbano/rural hace 5 años. No se usa como zona principal (zona_establecimiento es la oficial del diseño).
P753,"12. ¿Dónde vivía ..., hace 12 meses?",D - Características y composición del hogar,EXCLUIDA,no_relevante_para_pregunta_de_investigacion,Lugar de residencia hace 12 meses. Variable de migración no usada.
P753S1,Departamento,D - Características y composición del hogar,EXCLUIDA,no_relevante_para_pregunta_de_investigacion,"Departamento hace 12 meses. Migración, fuera del scope."
P753S2,Municipio,D - Características y composición del hogar,EXCLUIDA,no_relevante_para_pregunta_de_investigacion,"Municipio hace 12 meses. Migración, fuera del scope."
P753S3,En otro país,D - Características y composición del hogar,EXCLUIDA,no_relevante_para_pregunta_de_investigacion,"País hace 12 meses. Migración, fuera del scope."
P752,12A. El lugar donde vivía ... hace 12 meses era:,D - Características y composición del hogar,EXCLUIDA,no_relevante_para_pregunta_de_investigacion,Zona urbano/rural hace 12 meses. No usada.
P1662,13. ¿Cuál fue el principal motivo por el que ... Cambió el lugar donde residia hace 12 meses?,D - Características y composición del hogar,EXCLUIDA,no_relevante_para_pregunta_de_investigacion,"Motivo principal del cambio de residencia. Migración, fuera del scope."
P6081,14. El padre de ... ¿vive en este hogar?,D - Características y composición del hogar,EXCLUIDA,no_relevante_para_pregunta_de_investigacion,¿El padre vive en este hogar? Pregunta filtro no usada (P6087 ya se incluye independiente de coresidencia).
P6081S1,No. de orden,D - Características y composición del hogar,EXCLUIDA,no_relevante_para_pregunta_de_investigacion,Número de orden del padre. No usada.
P6087,15. ¿Cuál es o fue el nivel de educación más alto alcanzado por el padre de ...?,D - Características y composición del hogar,INCLUIDA,componente_de_educacion_max_padres,"Nivel educativo del padre (P6087) o la madre (P6088). Se combinan mediante max(P6087, P6088) para construir hh_educacion_max_padres_codigo (proxy de capital educativo familiar / movilidad intergeneracional)."
P6083,16. La madre de ... ¿vive en este hogar?,D - Características y composición del hogar,EXCLUIDA,no_relevante_para_pregunta_de_investigacion,¿La madre vive en este hogar? Pregunta filtro no usada (análogo a P6081).
P6083S1,No. de orden,D - Características y composición del hogar,EXCLUIDA,no_relevante_para_pregunta_de_investigacion,Número de orden de la madre. No usada.
P6088,17. ¿Cuál es o fue el nivel de educación más alto alcanzado por la madre de ...?,D - Características y composición del hogar,INCLUIDA,componente_de_educacion_max_padres,"Nivel educativo del padre (P6087) o la madre (P6088). Se combinan mediante max(P6087, P6088) para construir hh_educacion_max_padres_codigo (proxy de capital educativo familiar / movilidad intergeneracional)."
P6080,"18. De acuerdo con su cultura, pueblo o rasgos físicos, ... es o se reconoce comó:",D - Características y composición del hogar,INCLUIDA,insumo_directo_de_feature,"Variable cruda usada como insumo directo del pipeline → etnia_grupo, hh_etnia_grupo (4 categorías colapsadas)."
P2057,20. ¿Usted se considera campesino/a?,D - Características y composición del hogar,INCLUIDA,insumo_directo_de_feature,"Autoreconocimiento campesino (P2057 == 1). Se incluye como insumo directo para construir un feature binario derivado `hh_es_campesino`, que añade una dimensión de identidad rural/territorial complementaria a `zona_establecimiento` (universo más amplio, no restringido a estudiantes)."
P2059,21. ¿Usted considera que alguna vez fue campesino/a?,D - Características y composición del hogar,EXCLUIDA,no_relevante_para_pregunta_de_investigacion,¿Alguna vez fue campesino/a? No usada.
P2061,22. ¿Usted considera que la comunidad en que vive es campesina?,D - Características y composición del hogar,EXCLUIDA,no_relevante_para_pregunta_de_investigacion,¿La comunidad donde vive es campesina? No usada.
P1895,"23. En general, ¿qué tan satisfecho/a se siente ... con su vida actualmente?",D - Características y composición del hogar,EXCLUIDA,exclusion_revisada_escalas_bienestar,"Satisfacción con la vida (0-10). EXCLUIDA por decisión revisada: el bienestar subjetivo no aporta señal incremental a la brecha digital (Fisher ratio ≈ 0.014 en el Paso 4.5, el más bajo de todos los features evaluados). Al excluir las 6 escalas componentes, el feature derivado `hh_indice_bienestar_subjetivo` también queda excluido (no tiene insumos)."
P1896,"24. En general, ¿qué tan satisfecho/a se siente ... con su ingreso actualmente?",D - Características y composición del hogar,EXCLUIDA,exclusion_revisada_escalas_bienestar,"Satisfacción con el ingreso (0-10). EXCLUIDA por decisión revisada: el bienestar subjetivo no aporta señal incremental a la brecha digital (Fisher ratio ≈ 0.014 en el Paso 4.5, el más bajo de todos los features evaluados). Al excluir las 6 escalas componentes, el feature derivado `hh_indice_bienestar_subjetivo` también queda excluido (no tiene insumos)."
P1897,"25. En general, ¿qué tan satisfecho/a se siente ... con su salud actualmente?",D - Características y composición del hogar,EXCLUIDA,exclusion_revisada_escalas_bienestar,"Satisfacción con la salud (0-10). EXCLUIDA por decisión revisada: el bienestar subjetivo no aporta señal incremental a la brecha digital (Fisher ratio ≈ 0.014 en el Paso 4.5, el más bajo de todos los features evaluados). Al excluir las 6 escalas componentes, el feature derivado `hh_indice_bienestar_subjetivo` también queda excluido (no tiene insumos)."
P1898,"26. En general, ¿qué tan satisfecho/a se siente ... con su nivel de seguridad actualmente?",D - Características y composición del hogar,EXCLUIDA,exclusion_revisada_escalas_bienestar,"Satisfacción con el nivel de seguridad (0-10). EXCLUIDA por decisión revisada: el bienestar subjetivo no aporta señal incremental a la brecha digital (Fisher ratio ≈ 0.014 en el Paso 4.5, el más bajo de todos los features evaluados). Al excluir las 6 escalas componentes, el feature derivado `hh_indice_bienestar_subjetivo` también queda excluido (no tiene insumos)."
P1899,"27. En general, ¿qué tan satisfecho/a se siente ... con su trabajo/actividad actualmente?",D - Características y composición del hogar,EXCLUIDA,exclusion_revisada_escalas_bienestar,"Satisfacción con el trabajo o actividad (0-10). EXCLUIDA por decisión revisada: el bienestar subjetivo no aporta señal incremental a la brecha digital (Fisher ratio ≈ 0.014 en el Paso 4.5, el más bajo de todos los features evaluados). Al excluir las 6 escalas componentes, el feature derivado `hh_indice_bienestar_subjetivo` también queda excluido (no tiene insumos)."
P3175,"28. En general, ¿qué tan satisfecho/a se siente _____ con su tiempo libre?",D - Características y composición del hogar,EXCLUIDA,exclusion_revisada_escalas_bienestar,"Satisfacción con el tiempo libre (0-10). EXCLUIDA por decisión revisada: el bienestar subjetivo no aporta señal incremental a la brecha digital (Fisher ratio ≈ 0.014 en el Paso 4.5, el más bajo de todos los features evaluados). Al excluir las 6 escalas componentes, el feature derivado `hh_indice_bienestar_subjetivo` también queda excluido (no tiene insumos)."
P1901,29. ¿Qué tan feliz se sintió ... el día de ayer?,D - Características y composición del hogar,EXCLUIDA,exclusion_revisada_bloque_F_bienestar_extendido,"Felicidad sentida ayer (escala 0-10). Forma parte de la batería extendida de bienestar subjetivo (afecto del día anterior + Cantril). Se EXCLUYE de manera deliberada tras revisión del Bloque F: el índice principal `hh_indice_bienestar_subjetivo` ya consolida las 6 escalas de satisfacción duraderas (P1895-P3175), que son las relevantes para correlacionar con conectividad. Las escalas de afecto del día anterior y la escalera de Cantril miden estados emocionales o bienestar global subjetivo que no aportan señal incremental a la pregunta de investigación sobre brecha digital."
P1903,30. ¿Qué tan preocupado/a se sintió ... el día de ayer?,D - Características y composición del hogar,EXCLUIDA,exclusion_revisada_bloque_F_bienestar_extendido,"Preocupación sentida ayer (escala 0-10). Forma parte de la batería extendida de bienestar subjetivo (afecto del día anterior + Cantril). Se EXCLUYE de manera deliberada tras revisión del Bloque F: el índice principal `hh_indice_bienestar_subjetivo` ya consolida las 6 escalas de satisfacción duraderas (P1895-P3175), que son las relevantes para correlacionar con conectividad. Las escalas de afecto del día anterior y la escalera de Cantril miden estados emocionales o bienestar global subjetivo que no aportan señal incremental a la pregunta de investigación sobre brecha digital."
P1904,31. ¿Qué tan triste se sintió ... el día de ayer?,D - Características y composición del hogar,EXCLUIDA,exclusion_revisada_bloque_F_bienestar_extendido,"Tristeza sentida ayer (escala 0-10). Forma parte de la batería extendida de bienestar subjetivo (afecto del día anterior + Cantril). Se EXCLUYE de manera deliberada tras revisión del Bloque F: el índice principal `hh_indice_bienestar_subjetivo` ya consolida las 6 escalas de satisfacción duraderas (P1895-P3175), que son las relevantes para correlacionar con conectividad. Las escalas de afecto del día anterior y la escalera de Cantril miden estados emocionales o bienestar global subjetivo que no aportan señal incremental a la pregunta de investigación sobre brecha digital."
P1905,32. ¿Qué tanto considera ... que las cosas que hace en su vida valen la pena?,D - Características y composición del hogar,EXCLUIDA,exclusion_revisada_bloque_F_bienestar_extendido,"¿Las cosas que hace en su vida valen la pena? (escala 0-10). Forma parte de la batería extendida de bienestar subjetivo (afecto del día anterior + Cantril). Se EXCLUYE de manera deliberada tras revisión del Bloque F: el índice principal `hh_indice_bienestar_subjetivo` ya consolida las 6 escalas de satisfacción duraderas (P1895-P3175), que son las relevantes para correlacionar con conectividad. Las escalas de afecto del día anterior y la escalera de Cantril miden estados emocionales o bienestar global subjetivo que no aportan señal incremental a la pregunta de investigación sobre brecha digital."
P1927,33. ¿En cuál escalón diría usted que se encuentra parado/a en este momento?,D - Características y composición del hogar,EXCLUIDA,exclusion_revisada_bloque_F_bienestar_extendido,"Escalón de bienestar autopercibido — escalera de Cantril. Forma parte de la batería extendida de bienestar subjetivo (afecto del día anterior + Cantril). Se EXCLUYE de manera deliberada tras revisión del Bloque F: el índice principal `hh_indice_bienestar_subjetivo` ya consolida las 6 escalas de satisfacción duraderas (P1895-P3175), que son las relevantes para correlacionar con conectividad. Las escalas de afecto del día anterior y la escalera de Cantril miden estados emocionales o bienestar global subjetivo que no aportan señal incremental a la pregunta de investigación sobre brecha digital."
P3038,34. ¿Usted siente atracción sexual o romántica por?,D - Características y composición del hogar,EXCLUIDA,no_relevante_para_pregunta_de_investigacion,Atracción sexual o romántica. Fuera del scope del estudio de brecha digital.
P3039,35. ¿Usted se reconoce como?,D - Características y composición del hogar,EXCLUIDA,no_relevante_para_pregunta_de_investigacion,Identidad de género/sexo (autoreconocimiento). Idem.
P6160,1. ¿Sabe leer y escribir?,G - Educación,INCLUIDA,insumo_directo_de_feature,Variable cruda usada como insumo directo del pipeline → edu_alfabetizado (bool == 1).
P8586,"2. ¿... actualmente estudia? (asiste al preescolar, escuela, colegio o universidad)",G - Educación,INCLUIDA,insumo_directo_de_feature,Variable cruda usada como insumo directo del pipeline → edu_asiste_actualmente (bool == 1).
P6218,3. ¿Cuál es la razón principal para que ... no estudie?,G - Educación,EXCLUIDA,no_relevante_para_pregunta_de_investigacion,Razón principal para no estudiar. Variable cualitativa no usada en el diseño.
P8587,4. ¿Cuál es el nivel educativo más alto alcanzado por ... y el último año o grado aprobado en ese nivel?,G - Educación,INCLUIDA,insumo_directo_de_feature,"Variable cruda usada como insumo directo del pipeline → nivel_educativo_grupo, edu_nivel_grupo (4 categorías colapsadas)."
P8587S1,Grado o año aprobado,G - Educación,EXCLUIDA,no_relevante_para_pregunta_de_investigacion,"Grado o año aprobado en el nivel más alto alcanzado. Granularidad mayor que P8587, no necesaria."
P6211,"5. ¿Cuántos años de estudios superiores (técnicos, tecnológicos, universitarios, de posgrado, etc.) ha realizado y aprobado?",G - Educación,EXCLUIDA,no_relevante_para_pregunta_de_investigacion,Años de estudios superiores aprobados (para quien no estudia actualmente). No usada.
P1088,6. ¿En que nivel está matriculado/a ... y qué grado o año cursa?,G - Educación,EXCLUIDA,no_relevante_para_pregunta_de_investigacion,"Nivel actualmente matriculado (para quien estudia). Granularidad alterna a P8587, no usada."
P1088S1,Grado o año que cursa,G - Educación,EXCLUIDA,no_relevante_para_pregunta_de_investigacion,Grado o año que cursa actualmente. No usada.
P6216,"7. ¿Cuántos años de estudios superiores (técnicos, tecnológicos, universitarios, de postgrado, etc.) ha realizado y aprobado?",G - Educación,EXCLUIDA,no_relevante_para_pregunta_de_investigacion,Años de estudios superiores aprobados (para quien estudia actualmente). No usada.
P5673,8. El establecimiento donde estudia ... es:,G - Educación,EXCLUIDA,no_relevante_para_pregunta_de_investigacion,"Tipo de establecimiento educativo (público/privado). Posible variable de calidad educativa, no incluida."
P5674,Subsidiado?,G - Educación,EXCLUIDA,no_relevante_para_pregunta_de_investigacion,¿El establecimiento es subsidiado? No usada.
P1101,9. ¿En qué jornada estudia ...?,G - Educación,EXCLUIDA,no_relevante_para_pregunta_de_investigacion,Jornada de estudio (mañana/tarde/completa). No usada.
P3336,10. ¿En qué modalidad(es) o a través de qué medio(s) se encuentra estudiando ... actualmente?,G - Educación,EXCLUIDA,variable_paraguas_100_nan,"Cabecera de pregunta de respuesta múltiple: Modalidad de estudio (4 sub-variables). 100% NaN por diseño relacional; la información real vive en las sub-variables Sx, que se procesan por separado."
P3336S1,1. Presencial,G - Educación,EXCLUIDA,sub_variable_de_paraguas_no_usada,Sub-variable de P3336 (modalidad de estudio: presencial/virtual/etc.). No usada como feature.
P3336S2,"2. Virtual (a través de internet en computador de escritorio, portátil, tableta o celular)",G - Educación,EXCLUIDA,sub_variable_de_paraguas_no_usada,Sub-variable de P3336 (modalidad de estudio: presencial/virtual/etc.). No usada como feature.
P3336S3,3. Alternancia entre presencial y virtual,G - Educación,EXCLUIDA,sub_variable_de_paraguas_no_usada,Sub-variable de P3336 (modalidad de estudio: presencial/virtual/etc.). No usada como feature.
P3336S7,4. Otro,G - Educación,EXCLUIDA,sub_variable_de_paraguas_no_usada,Sub-variable de P3336 (modalidad de estudio: presencial/virtual/etc.). No usada como feature.
P3514,11. El establecimiento educativo se localiza en:,G - Educación,EXCLUIDA,no_relevante_para_pregunta_de_investigacion,Localización del establecimiento educativo. Redundante con zona_establecimiento.
P3514S1,Departamento,G - Educación,EXCLUIDA,no_relevante_para_pregunta_de_investigacion,"Sub-variable: departamento de localización del establecimiento educativo. Vinculado a P3514 (localización), tema no usado."
P3514S2,Municipio,G - Educación,EXCLUIDA,no_relevante_para_pregunta_de_investigacion,Sub-variable: municipio de localización del establecimiento educativo. No usada.
P6223,11A. Este establecimiento está ubicado en:,G - Educación,INCLUIDA,insumo_directo_de_feature,Variable cruda usada como insumo directo del pipeline → zona_establecimiento (urbana/rural).
P4693,12. ¿Qué medio de transporte utiliza principalmente ... para ir a la institución a la que asiste?,G - Educación,EXCLUIDA,no_relevante_para_pregunta_de_investigacion,Medio de transporte principal al establecimiento. No usada.
P6167,13. ¿Cuántos minutos gasta para ir a la institución a la que asiste?,G - Educación,EXCLUIDA,exclusion_revisada_logistica_educativa,"Minutos de desplazamiento al establecimiento educativo. EXCLUIDA tras revisión: variable de logística educativa (cuánto se tarda en llegar al colegio), con universo restringido a estudiantes y relación tenue con habilidades digitales. No es central para la pregunta de brecha digital del estudio. En cascada, el feature derivado `P6167_tratada` también queda excluido (huérfano)."
P6180,"14. ¿Recibe ... en el plantel educativo alimentos (desayunos, refrigerios, almuerzos) en forma gratuita o por un pago simbólico?",G - Educación,EXCLUIDA,no_relevante_para_pregunta_de_investigacion,¿Recibe alimentos gratuitos o subsidiados en el plantel? No usada.
P6180S1,a. ¿Valor que paga DIARIO?,G - Educación,EXCLUIDA,no_relevante_para_pregunta_de_investigacion,"Sub-variable: valor diario pagado por alimentos escolares. Vinculado a P6180 (alimentos en plantel), no usada."
P6180S2,"b. Si lo tuviera que comprar en otra parte, ¿cuánto pagaría al día por lo que recibe?",G - Educación,EXCLUIDA,no_relevante_para_pregunta_de_investigacion,Sub-variable: valor de referencia de los alimentos. No usada.
P3337,15. ¿... tuvo comunicación con sus maestros la semana pasada?,G - Educación,EXCLUIDA,no_relevante_para_pregunta_de_investigacion,¿Tuvo comunicación con maestros la semana pasada? Pregunta filtro de la paraguas P3339. No usada.
P3339,16. ¿Cuál(es) medio(s) utiliza ... para comunicarse con sus maestros?,G - Educación,EXCLUIDA,variable_paraguas_100_nan,"Cabecera de pregunta de respuesta múltiple: Medios de comunicación con maestros (7 sub-variables). 100% NaN por diseño relacional; la información real vive en las sub-variables Sx, que se procesan por separado."
P3339S1,1. Mensaje de texto,G - Educación,EXCLUIDA,sub_variable_de_paraguas_no_usada,Sub-variable de P3339 (medios de comunicación con maestros). No usada.
P3339S2,2. Correo electrónico,G - Educación,EXCLUIDA,sub_variable_de_paraguas_no_usada,Sub-variable de P3339 (medios de comunicación con maestros). No usada.
P3339S3,3. Teléfono (llamadas de voz),G - Educación,EXCLUIDA,sub_variable_de_paraguas_no_usada,Sub-variable de P3339 (medios de comunicación con maestros). No usada.
P3339S4,"4. Aplicaciones en línea (videoconferencias en Zoom, Microsoft Teams, Skype, Google Meet, WebEx, Classroom, Integra, Google for Education, Aprender Digital contenido para todos)",G - Educación,EXCLUIDA,sub_variable_de_paraguas_no_usada,Sub-variable de P3339 (medios de comunicación con maestros). No usada.
P3339S5,5. Whatsapp,G - Educación,EXCLUIDA,sub_variable_de_paraguas_no_usada,Sub-variable de P3339 (medios de comunicación con maestros). No usada.
P3339S7,6. Interacción personal,G - Educación,EXCLUIDA,sub_variable_de_paraguas_no_usada,Sub-variable de P3339 (medios de comunicación con maestros). No usada.
P3339S6,7. Otro,G - Educación,EXCLUIDA,sub_variable_de_paraguas_no_usada,Sub-variable de P3339 (medios de comunicación con maestros). No usada.
P3341,17. Durante este AÑO ESCOLAR el hogar pagó: ¿Matriculas para ...?,G - Educación,EXCLUIDA,filtro_binario_de_gasto_educativo,"Pregunta filtro binaria '¿hubo gasto en esta categoría?' (sí/no). Solo es informativa para saber cuándo el valor PxxxxS1 aplica; las 8 categorías de gasto se consolidan directamente en su suma, sin necesidad del filtro binario."
P3341S1,17a. Valor,G - Educación,EXCLUIDA,exclusion_revisada_gasto_educativo,"Valor pagado en categoría 'matrícula'. EXCLUIDA tras revisión: el gasto educativo del hogar es una variable de capacidad económica que el análisis no consideró central. La literatura de brecha digital se enfoca primariamente en variables de adopción y competencia (no en monto monetario de gasto). En cascada, `edu_gasto_educativo_persona` y `edu_gasto_educativo_hogar_total` quedan excluidos."
P3342,18. Durante este AÑO ESCOLAR el hogar pagó: ¿Uniformes para ...?,G - Educación,EXCLUIDA,filtro_binario_de_gasto_educativo,"Pregunta filtro binaria '¿hubo gasto en esta categoría?' (sí/no). Solo es informativa para saber cuándo el valor PxxxxS1 aplica; las 8 categorías de gasto se consolidan directamente en su suma, sin necesidad del filtro binario."
P3342S1,18a. Valor,G - Educación,EXCLUIDA,exclusion_revisada_gasto_educativo,"Valor pagado en categoría 'pensión'. EXCLUIDA tras revisión: el gasto educativo del hogar es una variable de capacidad económica que el análisis no consideró central. La literatura de brecha digital se enfoca primariamente en variables de adopción y competencia (no en monto monetario de gasto). En cascada, `edu_gasto_educativo_persona` y `edu_gasto_educativo_hogar_total` quedan excluidos."
P3343,"19. Durante este AÑO ESCOLAR el hogar pagó: ¿Lista de útiles escolares, compra o alquiler de textos para ...?",G - Educación,EXCLUIDA,filtro_binario_de_gasto_educativo,"Pregunta filtro binaria '¿hubo gasto en esta categoría?' (sí/no). Solo es informativa para saber cuándo el valor PxxxxS1 aplica; las 8 categorías de gasto se consolidan directamente en su suma, sin necesidad del filtro binario."
P3343S1,19a. Valor,G - Educación,EXCLUIDA,exclusion_revisada_gasto_educativo,"Valor pagado en categoría 'uniformes'. EXCLUIDA tras revisión: el gasto educativo del hogar es una variable de capacidad económica que el análisis no consideró central. La literatura de brecha digital se enfoca primariamente en variables de adopción y competencia (no en monto monetario de gasto). En cascada, `edu_gasto_educativo_persona` y `edu_gasto_educativo_hogar_total` quedan excluidos."
P3344,20. El hogar paga por: ¿Pensión para ...?,G - Educación,EXCLUIDA,filtro_binario_de_gasto_educativo,"Pregunta filtro binaria '¿hubo gasto en esta categoría?' (sí/no). Solo es informativa para saber cuándo el valor PxxxxS1 aplica; las 8 categorías de gasto se consolidan directamente en su suma, sin necesidad del filtro binario."
P3344S1,20a. Valor Mensual,G - Educación,EXCLUIDA,exclusion_revisada_gasto_educativo,"Valor pagado en categoría 'útiles escolares'. EXCLUIDA tras revisión: el gasto educativo del hogar es una variable de capacidad económica que el análisis no consideró central. La literatura de brecha digital se enfoca primariamente en variables de adopción y competencia (no en monto monetario de gasto). En cascada, `edu_gasto_educativo_persona` y `edu_gasto_educativo_hogar_total` quedan excluidos."
P3345,21. El hogar paga por: ¿Transporte escolar para ...?,G - Educación,EXCLUIDA,filtro_binario_de_gasto_educativo,"Pregunta filtro binaria '¿hubo gasto en esta categoría?' (sí/no). Solo es informativa para saber cuándo el valor PxxxxS1 aplica; las 8 categorías de gasto se consolidan directamente en su suma, sin necesidad del filtro binario."
P3345S1,21a. Valor Mensual,G - Educación,EXCLUIDA,exclusion_revisada_gasto_educativo,"Valor pagado en categoría 'libros y materiales'. EXCLUIDA tras revisión: el gasto educativo del hogar es una variable de capacidad económica que el análisis no consideró central. La literatura de brecha digital se enfoca primariamente en variables de adopción y competencia (no en monto monetario de gasto). En cascada, `edu_gasto_educativo_persona` y `edu_gasto_educativo_hogar_total` quedan excluidos."
P3346,22. El hogar paga por: ¿Alimentación en el establecimiento educativo para ...?,G - Educación,EXCLUIDA,filtro_binario_de_gasto_educativo,"Pregunta filtro binaria '¿hubo gasto en esta categoría?' (sí/no). Solo es informativa para saber cuándo el valor PxxxxS1 aplica; las 8 categorías de gasto se consolidan directamente en su suma, sin necesidad del filtro binario."
P3346S1,22a. Valor Mensual,G - Educación,EXCLUIDA,exclusion_revisada_gasto_educativo,"Valor pagado en categoría 'transporte escolar'. EXCLUIDA tras revisión: el gasto educativo del hogar es una variable de capacidad económica que el análisis no consideró central. La literatura de brecha digital se enfoca primariamente en variables de adopción y competencia (no en monto monetario de gasto). En cascada, `edu_gasto_educativo_persona` y `edu_gasto_educativo_hogar_total` quedan excluidos."
P3347,"23. EL MES PASADO, ¿el hogar gastó en útiles (papel, lápices, cuadernos etc..) material escolar o fotocopias para ...?",G - Educación,EXCLUIDA,filtro_binario_de_gasto_educativo,"Pregunta filtro binaria '¿hubo gasto en esta categoría?' (sí/no). Solo es informativa para saber cuándo el valor PxxxxS1 aplica; las 8 categorías de gasto se consolidan directamente en su suma, sin necesidad del filtro binario."
P3347S1,23a. Valor Mensual,G - Educación,EXCLUIDA,exclusion_revisada_gasto_educativo,"Valor pagado en categoría 'alimentación escolar'. EXCLUIDA tras revisión: el gasto educativo del hogar es una variable de capacidad económica que el análisis no consideró central. La literatura de brecha digital se enfoca primariamente en variables de adopción y competencia (no en monto monetario de gasto). En cascada, `edu_gasto_educativo_persona` y `edu_gasto_educativo_hogar_total` quedan excluidos."
P3348,"24. EL MES PASADO, el hogar realizó otros pagos como: bingos, salidas pedagógicas, etc. en el establecimiento educativo para ...?",G - Educación,EXCLUIDA,filtro_binario_de_gasto_educativo,"Pregunta filtro binaria '¿hubo gasto en esta categoría?' (sí/no). Solo es informativa para saber cuándo el valor PxxxxS1 aplica; las 8 categorías de gasto se consolidan directamente en su suma, sin necesidad del filtro binario."
P3348S1,24a. Valor Mensual,G - Educación,EXCLUIDA,exclusion_revisada_gasto_educativo,"Valor pagado en categoría 'otros gastos educativos'. EXCLUIDA tras revisión: el gasto educativo del hogar es una variable de capacidad económica que el análisis no consideró central. La literatura de brecha digital se enfoca primariamente en variables de adopción y competencia (no en monto monetario de gasto). En cascada, `edu_gasto_educativo_persona` y `edu_gasto_educativo_hogar_total` quedan excluidos."
P8610,"25. Durante este AÑO ESCOLAR, ¿... recibió beca en dinero o en especie para estudiar?",G - Educación,EXCLUIDA,no_relevante_para_pregunta_de_investigacion,¿Recibió beca? No usada como feature de calidad/equidad educativa en el diseño actual.
P8610S1,Valor $,G - Educación,EXCLUIDA,no_relevante_para_pregunta_de_investigacion,"Sub-variable: valor de la beca recibida. Vinculado a P8610 (¿recibió beca?), no usada como feature."
P8610S2,Frecuencia,G - Educación,EXCLUIDA,no_relevante_para_pregunta_de_investigacion,Sub-variable: frecuencia de pago de la beca. No usada.
P6229,26. ¿De quién recibió la beca para estudiar?,G - Educación,EXCLUIDA,no_relevante_para_pregunta_de_investigacion,"¿De quién recibió la beca? Variable categórica complementaria a P8610, no usada."
P8612,"27. Durante este AÑO ESCOLAR, ¿ ... recibió subsidio en dinero o en especie para estudiar?",G - Educación,EXCLUIDA,no_relevante_para_pregunta_de_investigacion,¿Recibió subsidio para estudiar? No usada.
P8612S1,Valor ($),G - Educación,EXCLUIDA,no_relevante_para_pregunta_de_investigacion,Sub-variable: valor del subsidio para estudiar. No usada.
P8612S2,Frecuencia,G - Educación,EXCLUIDA,no_relevante_para_pregunta_de_investigacion,Sub-variable: frecuencia del subsidio. No usada.
P6238,28. ¿De quién recibió el subsidio para estudiar?,G - Educación,EXCLUIDA,no_relevante_para_pregunta_de_investigacion,"¿De quién recibió el subsidio? Variable categórica complementaria a P8612, no usada."
P8614,"29. Durante este AÑO ESCOLAR ,¿... ha recibido crédito educativo?",G - Educación,EXCLUIDA,no_relevante_para_pregunta_de_investigacion,¿Ha recibido crédito educativo? No usada.
P8614S1,Valor ($),G - Educación,EXCLUIDA,no_relevante_para_pregunta_de_investigacion,Sub-variable: valor del crédito educativo. No usada.
P8614S2,Frecuencia,G - Educación,EXCLUIDA,no_relevante_para_pregunta_de_investigacion,Sub-variable: frecuencia/condición del crédito. No usada.
P6202,30. ¿Quién le concedió el crédito educativo?,G - Educación,EXCLUIDA,no_relevante_para_pregunta_de_investigacion,Entidad que concedió el crédito educativo. No usada.
P781,31. ¿Con quién permanece ... después de asistir al establecimiento educativo o durante la mayor parte del tiempo entre semana?,G - Educación,EXCLUIDA,no_relevante_para_pregunta_de_investigacion,¿Con quién permanece el menor fuera del horario escolar? No usada.
P781S1,No. de orden,G - Educación,EXCLUIDA,no_relevante_para_pregunta_de_investigacion,"Sub-variable: número de orden de la persona con quien permanece el menor. Vinculado a P781 (cuidado del menor fuera del horario), no usada."
P781S2,Sexo:,G - Educación,EXCLUIDA,no_relevante_para_pregunta_de_investigacion,Sub-variable: sexo de la persona cuidadora del menor. No usada.
P782,32. ¿Cuántos años tiene esta persona?,G - Educación,EXCLUIDA,no_relevante_para_pregunta_de_investigacion,Edad de la persona con quien permanece el menor. No usada.
P783,33. ¿Cuál es el nivel educativo de esta persona?,G - Educación,EXCLUIDA,no_relevante_para_pregunta_de_investigacion,Nivel educativo de esa persona. No usada.
P3004,34. Cuáles de las siguientes actividades realiza _____ fuera de la jornada escolar:,G - Educación,EXCLUIDA,variable_paraguas_100_nan,"Cabecera de pregunta de respuesta múltiple: Actividades extracurriculares del menor (8 sub-variables). 100% NaN por diseño relacional; la información real vive en las sub-variables Sx, que se procesan por separado."
P3004S1,"1. Participa en cursos, talleres o grupos artísticos (música, teatro, danza, pintura, etc.)",G - Educación,EXCLUIDA,sub_variable_de_paraguas_no_usada,Sub-variable de P3004 (actividades extracurriculares de menores). No incluida en el diseño actual.
P3004S2,"2. Participa en cursos, talleres o gruposde ciencia y tecnología (computación, botánica, robótica, etc.)",G - Educación,EXCLUIDA,sub_variable_de_paraguas_no_usada,Sub-variable de P3004 (actividades extracurriculares de menores). No incluida en el diseño actual.
P3004S3,"3. Asiste a cursos, prácticas o escuelas deportivas (futbol, gimnasia, natación, tenis, atletismo, etc.)",G - Educación,EXCLUIDA,sub_variable_de_paraguas_no_usada,Sub-variable de P3004 (actividades extracurriculares de menores). No incluida en el diseño actual.
P3004S4,4. Participa en grupos de estudio,G - Educación,EXCLUIDA,sub_variable_de_paraguas_no_usada,Sub-variable de P3004 (actividades extracurriculares de menores). No incluida en el diseño actual.
P3004S5,5.Sale al parque,G - Educación,EXCLUIDA,sub_variable_de_paraguas_no_usada,Sub-variable de P3004 (actividades extracurriculares de menores). No incluida en el diseño actual.
P3004S6,6.Lee libros,G - Educación,EXCLUIDA,sub_variable_de_paraguas_no_usada,Sub-variable de P3004 (actividades extracurriculares de menores). No incluida en el diseño actual.
P3004S7,7.Juega,G - Educación,EXCLUIDA,sub_variable_de_paraguas_no_usada,Sub-variable de P3004 (actividades extracurriculares de menores). No incluida en el diseño actual.
P3004S8,8.Ninguna de las anteriores,G - Educación,EXCLUIDA,sub_variable_de_paraguas_no_usada,Sub-variable de P3004 (actividades extracurriculares de menores). No incluida en el diseño actual.
P1910,1A. ¿Con qué frecuencia utiliza ... computador de escritorio (en cualquier lugar)?,I - Tecnologías de Información y Comunicación,EXCLUIDA,no_relevante_para_pregunta_de_investigacion,"Frecuencia de uso de computador de escritorio. Granularidad por dispositivo, no usada (la diversidad de dispositivos resume mejor)."
P1911,1B. ¿Con qué frecuencia utiliza ... computador portátil (en cualquier lugar)?,I - Tecnologías de Información y Comunicación,EXCLUIDA,no_relevante_para_pregunta_de_investigacion,Frecuencia de uso de computador portátil. Idem.
P1912,1C. ¿Con qué frecuencia utiliza ... tableta (en cualquier lugar)?,I - Tecnologías de Información y Comunicación,EXCLUIDA,no_relevante_para_pregunta_de_investigacion,Frecuencia de uso de tableta. Idem.
P1084,2. ¿Con qué frecuencia utiliza _____ internet (en cualquier lugar y desde cualquier dispositivo)?,I - Tecnologías de Información y Comunicación,INCLUIDA,insumo_directo_de_feature,Variable cruda usada como insumo directo del pipeline → tic_frecuencia_uso_internet.
P1710,"3. ¿Cuáles de las siguientes actividades sabe hacer ______ en el computador de escritorio, portátil, tableta o cuando utiliza internet:",I - Tecnologías de Información y Comunicación,EXCLUIDA,variable_paraguas_100_nan,"Cabecera de pregunta de respuesta múltiple: Habilidades digitales (12 sub-variables). 100% NaN por diseño relacional; la información real vive en las sub-variables Sx, que se procesan por separado."
P1710S1,"1.Usar procesadores de texto (Word, Google Docs, etc.)?",I - Tecnologías de Información y Comunicación,INCLUIDA,componente_de_indice_habilidades_digitales,"Sub-variable binaria (1=sabe, 2=no) de la pregunta P1710. Las 12 sub-variables S1..S12 se cuentan para construir el feature tic_indice_habilidades_digitales (0-12)."
P1710S2,"2.Usar las funciones de copiar y pegar para duplicar o mover información entre documentos, dispositivos o en el almacenamiento utilizado través de internet?",I - Tecnologías de Información y Comunicación,INCLUIDA,componente_de_indice_habilidades_digitales,"Sub-variable binaria (1=sabe, 2=no) de la pregunta P1710. Las 12 sub-variables S1..S12 se cuentan para construir el feature tic_indice_habilidades_digitales (0-12)."
P1710S3,"3. Enviar correos electrónicos con archivos adjuntos (documentos, fotos, videos, etc.)?",I - Tecnologías de Información y Comunicación,INCLUIDA,componente_de_indice_habilidades_digitales,"Sub-variable binaria (1=sabe, 2=no) de la pregunta P1710. Las 12 sub-variables S1..S12 se cuentan para construir el feature tic_indice_habilidades_digitales (0-12)."
P1710S4,"4. Conectar o instalar dispositivos adicionales (ej. impresora, módem, cámara, etc.)?",I - Tecnologías de Información y Comunicación,INCLUIDA,componente_de_indice_habilidades_digitales,"Sub-variable binaria (1=sabe, 2=no) de la pregunta P1710. Las 12 sub-variables S1..S12 se cuentan para construir el feature tic_indice_habilidades_digitales (0-12)."
P1710S5,"5. Usar fórmulas matemáticas básicas en una hoja de cálculo (Excel, Open Office Calc, etc)?",I - Tecnologías de Información y Comunicación,INCLUIDA,componente_de_indice_habilidades_digitales,"Sub-variable binaria (1=sabe, 2=no) de la pregunta P1710. Las 12 sub-variables S1..S12 se cuentan para construir el feature tic_indice_habilidades_digitales (0-12)."
P1710S6,"6. Crear presentaciones mediante un programa especializado para ello (Power Point,Prezi, otros)?",I - Tecnologías de Información y Comunicación,INCLUIDA,componente_de_indice_habilidades_digitales,"Sub-variable binaria (1=sabe, 2=no) de la pregunta P1710. Las 12 sub-variables S1..S12 se cuentan para construir el feature tic_indice_habilidades_digitales (0-12)."
P1710S7,"7. Transferir archivos entre dispositivos o por internet (computador, USB, celular, etc.)?",I - Tecnologías de Información y Comunicación,INCLUIDA,componente_de_indice_habilidades_digitales,"Sub-variable binaria (1=sabe, 2=no) de la pregunta P1710. Las 12 sub-variables S1..S12 se cuentan para construir el feature tic_indice_habilidades_digitales (0-12)."
P1710S8,"8. Buscar, descargar, instalar o configurar programas computacionales (software) o aplicaciones?",I - Tecnologías de Información y Comunicación,INCLUIDA,componente_de_indice_habilidades_digitales,"Sub-variable binaria (1=sabe, 2=no) de la pregunta P1710. Las 12 sub-variables S1..S12 se cuentan para construir el feature tic_indice_habilidades_digitales (0-12)."
P1710S9,9. Utilizar un lenguaje de programación especializado?,I - Tecnologías de Información y Comunicación,INCLUIDA,componente_de_indice_habilidades_digitales,"Sub-variable binaria (1=sabe, 2=no) de la pregunta P1710. Las 12 sub-variables S1..S12 se cuentan para construir el feature tic_indice_habilidades_digitales (0-12)."
P1710S10,"10. Implementar medidas de seguridad efectivas para proteger dispositivos y cuentas de internet (contraseñas fuertes, notificación de intento de conexión, etc.)?",I - Tecnologías de Información y Comunicación,INCLUIDA,componente_de_indice_habilidades_digitales,"Sub-variable binaria (1=sabe, 2=no) de la pregunta P1710. Las 12 sub-variables S1..S12 se cuentan para construir el feature tic_indice_habilidades_digitales (0-12)."
P1710S11,"11. Limitar la difusión de datos o información personal en dispositivos, cuentas o aplicaciones de internet (nombre, información de contacto, fotografías, etc.)?",I - Tecnologías de Información y Comunicación,INCLUIDA,componente_de_indice_habilidades_digitales,"Sub-variable binaria (1=sabe, 2=no) de la pregunta P1710. Las 12 sub-variables S1..S12 se cuentan para construir el feature tic_indice_habilidades_digitales (0-12)."
P1710S12,12. Comprobar que las noticias o información que consulta o recibe a través de internet son ciertas o verdaderas?,I - Tecnologías de Información y Comunicación,INCLUIDA,componente_de_indice_habilidades_digitales,"Sub-variable binaria (1=sabe, 2=no) de la pregunta P1710. Las 12 sub-variables S1..S12 se cuentan para construir el feature tic_indice_habilidades_digitales (0-12)."
P765,4. Cuáles de los siguientes dispositivos utiliza ... para acceder a Internet:,I - Tecnologías de Información y Comunicación,EXCLUIDA,variable_paraguas_100_nan,"Cabecera de pregunta de respuesta múltiple: Dispositivos de acceso a internet (8 sub-variables). 100% NaN por diseño relacional; la información real vive en las sub-variables Sx, que se procesan por separado."
P765S1,1. Computador de escritorio?,I - Tecnologías de Información y Comunicación,INCLUIDA,componente_de_diversidad_dispositivos,"Sub-variable binaria (1=usa este dispositivo, NaN=no marcó) de la pregunta P765. Las 8 sub-variables se cuentan para construir tic_diversidad_dispositivos (0-8)."
P765S2,2. Computador portátil?,I - Tecnologías de Información y Comunicación,INCLUIDA,componente_de_diversidad_dispositivos,"Sub-variable binaria (1=usa este dispositivo, NaN=no marcó) de la pregunta P765. Las 8 sub-variables se cuentan para construir tic_diversidad_dispositivos (0-8)."
P765S3,3. Tableta?,I - Tecnologías de Información y Comunicación,INCLUIDA,componente_de_diversidad_dispositivos,"Sub-variable binaria (1=usa este dispositivo, NaN=no marcó) de la pregunta P765. Las 8 sub-variables se cuentan para construir tic_diversidad_dispositivos (0-8)."
P765S4,4. Teléfono celular?,I - Tecnologías de Información y Comunicación,INCLUIDA,componente_de_diversidad_dispositivos,"Sub-variable binaria (1=usa este dispositivo, NaN=no marcó) de la pregunta P765. Las 8 sub-variables se cuentan para construir tic_diversidad_dispositivos (0-8)."
P765S5,"5. Consolas para juegos electrónicos (Play Station, X-box, Wii, PSP, Nintendo, Gameboy, etc.)?",I - Tecnologías de Información y Comunicación,INCLUIDA,componente_de_diversidad_dispositivos,"Sub-variable binaria (1=usa este dispositivo, NaN=no marcó) de la pregunta P765. Las 8 sub-variables se cuentan para construir tic_diversidad_dispositivos (0-8)."
P765S6,6. Televisor inteligente?,I - Tecnologías de Información y Comunicación,INCLUIDA,componente_de_diversidad_dispositivos,"Sub-variable binaria (1=usa este dispositivo, NaN=no marcó) de la pregunta P765. Las 8 sub-variables se cuentan para construir tic_diversidad_dispositivos (0-8)."
P765S7,"7. Reproductores digitales de música video e imagen (MP3, MP4, Ipod)?",I - Tecnologías de Información y Comunicación,INCLUIDA,componente_de_diversidad_dispositivos,"Sub-variable binaria (1=usa este dispositivo, NaN=no marcó) de la pregunta P765. Las 8 sub-variables se cuentan para construir tic_diversidad_dispositivos (0-8)."
P765S8,8. Otro,I - Tecnologías de Información y Comunicación,INCLUIDA,componente_de_diversidad_dispositivos,"Sub-variable binaria (1=usa este dispositivo, NaN=no marcó) de la pregunta P765. Las 8 sub-variables se cuentan para construir tic_diversidad_dispositivos (0-8)."
P1085,5. ¿En cuáles de los siguientes sitios accede ... a Internet:,I - Tecnologías de Información y Comunicación,EXCLUIDA,variable_paraguas_100_nan,Cabecera de pregunta de respuesta múltiple (¿desde dónde accede a internet?). 100% NaN por diseño relacional; la información real vive en las 8 sub-variables P1085S1..S8 que componen el feature derivado `tic_diversidad_lugares_acceso` (a integrar en la fase de código).
P1085S1,1. En el hogar?,I - Tecnologías de Información y Comunicación,INCLUIDA,componente_de_diversidad_lugares_acceso,"Sub-variable binaria (1=accede desde este lugar, NaN=no marcó) — 'hogar'. Las 8 sub-variables se cuentan para construir el feature `tic_diversidad_lugares_acceso` (0-8), tercera dimensión de adopción digital (lugar de acceso) complementaria a `tic_diversidad_dispositivos` (qué) y `tic_diversidad_usos_internet` (cómo)."
P1085S2,2. En el trabajo?,I - Tecnologías de Información y Comunicación,INCLUIDA,componente_de_diversidad_lugares_acceso,"Sub-variable binaria (1=accede desde este lugar, NaN=no marcó) — 'trabajo'. Las 8 sub-variables se cuentan para construir el feature `tic_diversidad_lugares_acceso` (0-8), tercera dimensión de adopción digital (lugar de acceso) complementaria a `tic_diversidad_dispositivos` (qué) y `tic_diversidad_usos_internet` (cómo)."
P1085S3,3. En la institución educativa?,I - Tecnologías de Información y Comunicación,INCLUIDA,componente_de_diversidad_lugares_acceso,"Sub-variable binaria (1=accede desde este lugar, NaN=no marcó) — 'institución educativa'. Las 8 sub-variables se cuentan para construir el feature `tic_diversidad_lugares_acceso` (0-8), tercera dimensión de adopción digital (lugar de acceso) complementaria a `tic_diversidad_dispositivos` (qué) y `tic_diversidad_usos_internet` (cómo)."
P1085S4,4. En centros de acceso público gratis?,I - Tecnologías de Información y Comunicación,INCLUIDA,componente_de_diversidad_lugares_acceso,"Sub-variable binaria (1=accede desde este lugar, NaN=no marcó) — 'sitio público gratuito'. Las 8 sub-variables se cuentan para construir el feature `tic_diversidad_lugares_acceso` (0-8), tercera dimensión de adopción digital (lugar de acceso) complementaria a `tic_diversidad_dispositivos` (qué) y `tic_diversidad_usos_internet` (cómo)."
P1085S5,5. En centros de acceso público con costo (Café Internet)?,I - Tecnologías de Información y Comunicación,INCLUIDA,componente_de_diversidad_lugares_acceso,"Sub-variable binaria (1=accede desde este lugar, NaN=no marcó) — 'café internet'. Las 8 sub-variables se cuentan para construir el feature `tic_diversidad_lugares_acceso` (0-8), tercera dimensión de adopción digital (lugar de acceso) complementaria a `tic_diversidad_dispositivos` (qué) y `tic_diversidad_usos_internet` (cómo)."
P1085S6,"6. En la vivienda de otra persona (pariente, amigo/a, vecino/a)?",I - Tecnologías de Información y Comunicación,INCLUIDA,componente_de_diversidad_lugares_acceso,"Sub-variable binaria (1=accede desde este lugar, NaN=no marcó) — 'casa de otra persona'. Las 8 sub-variables se cuentan para construir el feature `tic_diversidad_lugares_acceso` (0-8), tercera dimensión de adopción digital (lugar de acceso) complementaria a `tic_diversidad_dispositivos` (qué) y `tic_diversidad_usos_internet` (cómo)."
P1085S7,7. En desplazamiento de un sitio a otro?,I - Tecnologías de Información y Comunicación,INCLUIDA,componente_de_diversidad_lugares_acceso,"Sub-variable binaria (1=accede desde este lugar, NaN=no marcó) — 'en desplazamiento (movilidad)'. Las 8 sub-variables se cuentan para construir el feature `tic_diversidad_lugares_acceso` (0-8), tercera dimensión de adopción digital (lugar de acceso) complementaria a `tic_diversidad_dispositivos` (qué) y `tic_diversidad_usos_internet` (cómo)."
P1085S8,8. Otro sitio?,I - Tecnologías de Información y Comunicación,INCLUIDA,componente_de_diversidad_lugares_acceso,"Sub-variable binaria (1=accede desde este lugar, NaN=no marcó) — 'otro'. Las 8 sub-variables se cuentan para construir el feature `tic_diversidad_lugares_acceso` (0-8), tercera dimensión de adopción digital (lugar de acceso) complementaria a `tic_diversidad_dispositivos` (qué) y `tic_diversidad_usos_internet` (cómo)."
P1083,6. ¿Para cuáles de los siguientes servicios o actividades utiliza ... Internet:,I - Tecnologías de Información y Comunicación,EXCLUIDA,variable_paraguas_100_nan,"Cabecera de pregunta de respuesta múltiple: Usos de internet (21 sub-variables). 100% NaN por diseño relacional; la información real vive en las sub-variables Sx, que se procesan por separado."
P1083S1,1. Obtener información? (Excluir la búsqueda de información con fines de educación y aprendizaje),I - Tecnologías de Información y Comunicación,INCLUIDA,componente_de_diversidad_usos_internet,"Sub-variable binaria (1=realiza esta actividad, NaN=no marcó) de la pregunta P1083. Las 21 sub-variables se cuentan para construir tic_diversidad_usos_internet (0-21)."
P1083S2,2. Enviar o recibir correos electronicos?,I - Tecnologías de Información y Comunicación,INCLUIDA,componente_de_diversidad_usos_internet,"Sub-variable binaria (1=realiza esta actividad, NaN=no marcó) de la pregunta P1083. Las 21 sub-variables se cuentan para construir tic_diversidad_usos_internet (0-21)."
P1083S3,3. Redes sociales?,I - Tecnologías de Información y Comunicación,INCLUIDA,componente_de_diversidad_usos_internet,"Sub-variable binaria (1=realiza esta actividad, NaN=no marcó) de la pregunta P1083. Las 21 sub-variables se cuentan para construir tic_diversidad_usos_internet (0-21)."
P1083S4,4. Comprar/ordenar productos o servicios?,I - Tecnologías de Información y Comunicación,INCLUIDA,componente_de_diversidad_usos_internet,"Sub-variable binaria (1=realiza esta actividad, NaN=no marcó) de la pregunta P1083. Las 21 sub-variables se cuentan para construir tic_diversidad_usos_internet (0-21)."
P1083S5,5. Banca electrónica y otros servicios financieros?,I - Tecnologías de Información y Comunicación,INCLUIDA,componente_de_diversidad_usos_internet,"Sub-variable binaria (1=realiza esta actividad, NaN=no marcó) de la pregunta P1083. Las 21 sub-variables se cuentan para construir tic_diversidad_usos_internet (0-21)."
P1083S6,6. Educación y aprendizaje?,I - Tecnologías de Información y Comunicación,INCLUIDA,componente_de_diversidad_usos_internet,"Sub-variable binaria (1=realiza esta actividad, NaN=no marcó) de la pregunta P1083. Las 21 sub-variables se cuentan para construir tic_diversidad_usos_internet (0-21)."
P1083S7,"7. Trámites con entidades del gobierno (nacional, departamental o municipal)?",I - Tecnologías de Información y Comunicación,INCLUIDA,componente_de_diversidad_usos_internet,"Sub-variable binaria (1=realiza esta actividad, NaN=no marcó) de la pregunta P1083. Las 21 sub-variables se cuentan para construir tic_diversidad_usos_internet (0-21)."
P1083S8,"8. Descargar software, imágenes, juegos, música o jugar en línea",I - Tecnologías de Información y Comunicación,INCLUIDA,componente_de_diversidad_usos_internet,"Sub-variable binaria (1=realiza esta actividad, NaN=no marcó) de la pregunta P1083. Las 21 sub-variables se cuentan para construir tic_diversidad_usos_internet (0-21)."
P1083S9,"9. Consulta de medios de comunicación (televisión, radio, periódicos, revistas, medios digitales, etc)?",I - Tecnologías de Información y Comunicación,INCLUIDA,componente_de_diversidad_usos_internet,"Sub-variable binaria (1=realiza esta actividad, NaN=no marcó) de la pregunta P1083. Las 21 sub-variables se cuentan para construir tic_diversidad_usos_internet (0-21)."
P1083S10,"10. Ver televisión, videos, películas u otro contenido audiovisual para entretenimiento",I - Tecnologías de Información y Comunicación,INCLUIDA,componente_de_diversidad_usos_internet,"Sub-variable binaria (1=realiza esta actividad, NaN=no marcó) de la pregunta P1083. Las 21 sub-variables se cuentan para construir tic_diversidad_usos_internet (0-21)."
P1083S12,"11. Buscar trabajo (inscribirse en una plataforma, aplicación o convocatoria de empleo)?",I - Tecnologías de Información y Comunicación,INCLUIDA,componente_de_diversidad_usos_internet,"Sub-variable binaria (1=realiza esta actividad, NaN=no marcó) de la pregunta P1083. Las 21 sub-variables se cuentan para construir tic_diversidad_usos_internet (0-21)."
P1083S13,"12. Servicios en la nube (guardar información, editar archivos, etc.)?",I - Tecnologías de Información y Comunicación,INCLUIDA,componente_de_diversidad_usos_internet,"Sub-variable binaria (1=realiza esta actividad, NaN=no marcó) de la pregunta P1083. Las 21 sub-variables se cuentan para construir tic_diversidad_usos_internet (0-21)."
P1083S14,13. Vender productos o servicios?,I - Tecnologías de Información y Comunicación,INCLUIDA,componente_de_diversidad_usos_internet,"Sub-variable binaria (1=realiza esta actividad, NaN=no marcó) de la pregunta P1083. Las 21 sub-variables se cuentan para construir tic_diversidad_usos_internet (0-21)."
P1083S15,14. Trabajar como requisito dentro de su empleo o actividad económica de independiente?,I - Tecnologías de Información y Comunicación,INCLUIDA,componente_de_diversidad_usos_internet,"Sub-variable binaria (1=realiza esta actividad, NaN=no marcó) de la pregunta P1083. Las 21 sub-variables se cuentan para construir tic_diversidad_usos_internet (0-21)."
P1083S16,15. Realizar llamadas o video llamadas (telefonía por Internet)?,I - Tecnologías de Información y Comunicación,INCLUIDA,componente_de_diversidad_usos_internet,"Sub-variable binaria (1=realiza esta actividad, NaN=no marcó) de la pregunta P1083. Las 21 sub-variables se cuentan para construir tic_diversidad_usos_internet (0-21)."
P1083S17,16. Publicar o intercambiar opiniones sobre las características y calidad de un bien o servicio?,I - Tecnologías de Información y Comunicación,INCLUIDA,componente_de_diversidad_usos_internet,"Sub-variable binaria (1=realiza esta actividad, NaN=no marcó) de la pregunta P1083. Las 21 sub-variables se cuentan para construir tic_diversidad_usos_internet (0-21)."
P1083S18,"17. Subir contenido propio a un sitio web para ser compartido (texto, imágenes, videos, música, audios, fotos, software, etc.)?",I - Tecnologías de Información y Comunicación,INCLUIDA,componente_de_diversidad_usos_internet,"Sub-variable binaria (1=realiza esta actividad, NaN=no marcó) de la pregunta P1083. Las 21 sub-variables se cuentan para construir tic_diversidad_usos_internet (0-21)."
P1083S19,"18. Consulta de información con fines educativos (tareas, trabajos, investigaciones, enciclopedias en línea)?",I - Tecnologías de Información y Comunicación,INCLUIDA,componente_de_diversidad_usos_internet,"Sub-variable binaria (1=realiza esta actividad, NaN=no marcó) de la pregunta P1083. Las 21 sub-variables se cuentan para construir tic_diversidad_usos_internet (0-21)."
P1083S20,"19. Gestiones médicas (pedir citas, recibir atención, otros trámites)",I - Tecnologías de Información y Comunicación,INCLUIDA,componente_de_diversidad_usos_internet,"Sub-variable binaria (1=realiza esta actividad, NaN=no marcó) de la pregunta P1083. Las 21 sub-variables se cuentan para construir tic_diversidad_usos_internet (0-21)."
P1083S21,"20. Usar herramientas de Inteligencia Artificial (chatbot, diseño, escritura, video)",I - Tecnologías de Información y Comunicación,INCLUIDA,componente_de_diversidad_usos_internet,"Sub-variable binaria (1=realiza esta actividad, NaN=no marcó) de la pregunta P1083. Las 21 sub-variables se cuentan para construir tic_diversidad_usos_internet (0-21)."
P1083S11,21. Otro,I - Tecnologías de Información y Comunicación,INCLUIDA,componente_de_diversidad_usos_internet,"Sub-variable binaria (1=realiza esta actividad, NaN=no marcó) de la pregunta P1083. Las 21 sub-variables se cuentan para construir tic_diversidad_usos_internet (0-21)."
P1929,7. ¿Cuál es la principal razón por la que __________ no utiliza internet?:,I - Tecnologías de Información y Comunicación,EXCLUIDA,exclusion_revisada_no_usada_en_analisis,"Razón principal por la que la persona NO usa internet. Variable categórica del universo complementario (no-internautas, P1084 ∈ {4,5}). Aunque inicialmente se incluyó por su potencial valor para política pública de inclusión digital, EXCLUIDA tras revisión por NO haberse incorporado a ninguna etapa analítica del notebook: no es feature en la Sección 3, no se usa en pruebas estadísticas de la Sección 4, ni como feature de clustering ni label de ARI en la Sección 5. Se mantiene la decisión por consistencia entre lo declarado y lo ejecutado: solo se incluyen variables que efectivamente se utilizan en el análisis."
P1082,8. ¿... tiene teléfono celular?,I - Tecnologías de Información y Comunicación,INCLUIDA,insumo_directo_de_feature,"Pregunta filtro binaria '¿tiene teléfono celular?' con datos propios (NO es paraguas; tiene 164k Sí / 57k No). Se usa como insumo directo para construir el feature derivado `hh_tiene_celular_propio` (binario), indicador básico de tenencia de hardware de comunicación. Complementa a `tic_frecuencia_uso_celular` que mide intensidad: tenencia (0/1) vs uso (1-4)."
P1082S1,1. Teléfono celular convencional,I - Tecnologías de Información y Comunicación,INCLUIDA,insumo_directo_de_feature,"Sub-variable: ¿tiene celular convencional? (1=Sí, 2=No, NaN si P1082=2). Universo: quienes tienen al menos un celular. Útil para distinguir el subgrupo 'solo celular convencional' (8.5% de los tenedores) — un perfil digital marcadamente diferente al de smartphone."
P1082S2,2. Teléfono celular inteligente (smartphone),I - Tecnologías de Información y Comunicación,INCLUIDA,insumo_directo_de_feature,"Sub-variable: ¿tiene smartphone? (1=Sí, 2=No, NaN si P1082=2). MARCADOR CRÍTICO DE BRECHA DIGITAL: tener smartphone vs no tenerlo (incluso teniendo celular convencional) es uno de los predictores más fuertes de capacidades digitales en países en desarrollo. Universo: 220k personas (excluyendo quienes no tienen celular). Insumo directo para construir el feature derivado `tic_tiene_smartphone` (binario) que añade una dimensión de hardware al espacio TIC."
P803,9. EL MES PASADO ¿_____ realizó pagos por el servicio de telefonía celular (pospago o prepago)?,I - Tecnologías de Información y Comunicación,EXCLUIDA,filtro_binario_redundante_con_subvariable,"Pregunta filtro binaria '¿pagó por celular el mes pasado?'. EXCLUIDA por redundancia: la información de 'pagó/no pagó' ya está implícita en P803S1 (si NaN → no pagó; si tiene valor → sí pagó). Mantener P803 como variable separada no aporta señal incremental; el universo de P803S1 (y de su versión tratada `P803S1_tratada`) queda definido por la presencia de valor no nulo, sin necesidad del filtro explícito."
P803S1,Valor pagado,I - Tecnologías de Información y Comunicación,EXCLUIDA,exclusion_revisada_gasto_telefonia,"Valor pagado por telefonía celular el mes pasado (pesos). EXCLUIDA tras revisión: el gasto monetario en telefonía es una variable de capacidad económica más que de competencia digital, con distribución extremadamente asimétrica (cola log-normal). La tenencia de smartphone (P1082S2) y la frecuencia de uso (P769) capturan mejor la adopción digital móvil sin las complicaciones del gasto. En cascada, `P803S1_tratada` también se excluye."
P5504,"10. A pesar de no tener teléfono celular, ….. utiliza teléfono celular?",I - Tecnologías de Información y Comunicación,EXCLUIDA,no_relevante_para_pregunta_de_investigacion,Usa celular aunque no tenga (prestado/minutos). No usada.
P5504S1,Teléfono celular convencional,I - Tecnologías de Información y Comunicación,EXCLUIDA,no_relevante_para_pregunta_de_investigacion,"Sub-variable: usa celular convencional aunque no tenga propio. Vinculado a P5504, no usada como feature."
P5504S2,Teléfono celular inteligente (smartphone),I - Tecnologías de Información y Comunicación,EXCLUIDA,no_relevante_para_pregunta_de_investigacion,Sub-variable: usa smartphone aunque no tenga propio. No usada.
P5505,11. ¿Por qué medio(s)…. utiliza el teléfono celular?:,I - Tecnologías de Información y Comunicación,EXCLUIDA,variable_paraguas_100_nan,"Cabecera de pregunta de respuesta múltiple: Otra característica del cuestionario con 2 sub-variables. 100% NaN por diseño relacional; la información real vive en las sub-variables Sx, que se procesan por separado."
P5505S1,1. Un vendedor de minutos,I - Tecnologías de Información y Comunicación,EXCLUIDA,sub_variable_de_paraguas_no_usada,Sub-variable de P5505. No usada como feature.
P5505S2,2. Prestado ocasionalmente por otra persona,I - Tecnologías de Información y Comunicación,EXCLUIDA,sub_variable_de_paraguas_no_usada,Sub-variable de P5505. No usada como feature.
P769,12. ¿Con que frecuencia utiliza ... teléfono celular?,I - Tecnologías de Información y Comunicación,INCLUIDA,insumo_directo_de_feature,Variable cruda usada como insumo directo del pipeline → tic_frecuencia_uso_celular.
P1080,13. Para cuál de las siguientes actividades utiliza … el teléfono celular:,I - Tecnologías de Información y Comunicación,EXCLUIDA,variable_paraguas_100_nan,Cabecera de pregunta de respuesta múltiple (¿qué actividades realiza con el celular?). 100% NaN por diseño relacional; la información real vive en las 6 sub-variables P1080S1..S6 que componen el feature derivado `tic_diversidad_actividades_celular` (a integrar en la fase de código).
P1080S1,1. Llamadas personales o familiares?,I - Tecnologías de Información y Comunicación,INCLUIDA,componente_de_diversidad_actividades_celular,"Sub-variable binaria (1=realiza esta actividad con el celular, NaN=no marcó) — 'llamadas personales' (82% marca). Las 6 sub-variables se cuentan para construir el feature derivado `tic_diversidad_actividades_celular` (0-6), análogo a `tic_diversidad_usos_internet` pero específico para el dispositivo celular (mide qué tan polivalente es el uso del móvil)."
P1080S2,2. Llamadas laborales ?,I - Tecnologías de Información y Comunicación,INCLUIDA,componente_de_diversidad_actividades_celular,"Sub-variable binaria (1=realiza esta actividad con el celular, NaN=no marcó) — 'llamadas laborales' (39% marca). Las 6 sub-variables se cuentan para construir el feature derivado `tic_diversidad_actividades_celular` (0-6), análogo a `tic_diversidad_usos_internet` pero específico para el dispositivo celular (mide qué tan polivalente es el uso del móvil)."
P1080S3,"3. Mensajes de texto (SMS, mensajería instantánea, chat, etc.)?",I - Tecnologías de Información y Comunicación,INCLUIDA,componente_de_diversidad_actividades_celular,"Sub-variable binaria (1=realiza esta actividad con el celular, NaN=no marcó) — 'mensajes (SMS/chat)' (49% marca). Las 6 sub-variables se cuentan para construir el feature derivado `tic_diversidad_actividades_celular` (0-6), análogo a `tic_diversidad_usos_internet` pero específico para el dispositivo celular (mide qué tan polivalente es el uso del móvil)."
P1080S4,4. Navegación en Internet?,I - Tecnologías de Información y Comunicación,INCLUIDA,componente_de_diversidad_actividades_celular,"Sub-variable binaria (1=realiza esta actividad con el celular, NaN=no marcó) — 'internet desde celular' (67% marca — solapa parcialmente con P765S4 y tic_frecuencia_uso_internet, pero el rol es como componente del índice, no como predictor independiente). Las 6 sub-variables se cuentan para construir el feature derivado `tic_diversidad_actividades_celular` (0-6), análogo a `tic_diversidad_usos_internet` pero específico para el dispositivo celular (mide qué tan polivalente es el uso del móvil)."
P1080S5,5. Venta de minutos?,I - Tecnologías de Información y Comunicación,INCLUIDA,componente_de_diversidad_actividades_celular,"Sub-variable binaria (1=realiza esta actividad con el celular, NaN=no marcó) — 'venta de minutos' (0.2% marca — muy raro pero analíticamente relevante por capturar economía informal). Las 6 sub-variables se cuentan para construir el feature derivado `tic_diversidad_actividades_celular` (0-6), análogo a `tic_diversidad_usos_internet` pero específico para el dispositivo celular (mide qué tan polivalente es el uso del móvil)."
P1080S6,6. Otras actividades?,I - Tecnologías de Información y Comunicación,INCLUIDA,componente_de_diversidad_actividades_celular,"Sub-variable binaria (1=realiza esta actividad con el celular, NaN=no marcó) — 'otra actividad' (3.7% marca). Las 6 sub-variables se cuentan para construir el feature derivado `tic_diversidad_actividades_celular` (0-6), análogo a `tic_diversidad_usos_internet` pero específico para el dispositivo celular (mide qué tan polivalente es el uso del móvil)."
P804,14.¿Con que frecuencia escucha ... la señal de radio dentro del hogar?,I - Tecnologías de Información y Comunicación,EXCLUIDA,no_relevante_para_pregunta_de_investigacion,Frecuencia de escucha de radio en el hogar. Tema fuera del scope.
P805,15. Para cuáles de los siguientes servicios o actividades escucha ... la señal de radio:,I - Tecnologías de Información y Comunicación,EXCLUIDA,variable_paraguas_100_nan,"Cabecera de pregunta de respuesta múltiple: Actividades de escucha de radio (5 sub-variables). 100% NaN por diseño relacional; la información real vive en las sub-variables Sx, que se procesan por separado."
P805S1,"1. Entretenimiento (música, deportes, variedades, humor)",I - Tecnologías de Información y Comunicación,EXCLUIDA,sub_variable_de_paraguas_no_usada,Sub-variable de P805 (actividades de radio). Tema fuera del scope de brecha digital.
P805S2,2. Noticias,I - Tecnologías de Información y Comunicación,EXCLUIDA,sub_variable_de_paraguas_no_usada,Sub-variable de P805 (actividades de radio). Tema fuera del scope de brecha digital.
P805S3,3. Información de interés comunitario,I - Tecnologías de Información y Comunicación,EXCLUIDA,sub_variable_de_paraguas_no_usada,Sub-variable de P805 (actividades de radio). Tema fuera del scope de brecha digital.
P805S4,4. Educación y aprendizaje,I - Tecnologías de Información y Comunicación,EXCLUIDA,sub_variable_de_paraguas_no_usada,Sub-variable de P805 (actividades de radio). Tema fuera del scope de brecha digital.
P805S5,5. Otra,I - Tecnologías de Información y Comunicación,EXCLUIDA,sub_variable_de_paraguas_no_usada,Sub-variable de P805 (actividades de radio). Tema fuera del scope de brecha digital.
sexo,Recodificación legible de P6020 (hombre/mujer),Derivada — Paso 2.5,INCLUIDA,feature_derivada_en_pipeline_de_preprocesamiento,Columna construida durante el derivada — paso 2.5 a partir de variables crudas. Es uno de los features analíticos utilizados directamente en las Secciones 3-5.
grupo_etario,Discretización de P6040 en 5 grupos etarios,Derivada — Paso 2.5,INCLUIDA,feature_derivada_en_pipeline_de_preprocesamiento,Columna construida durante el derivada — paso 2.5 a partir de variables crudas. Es uno de los features analíticos utilizados directamente en las Secciones 3-5.
etnia_grupo,Colapso de P6080 a 4 categorías étnicas,Derivada — Paso 2.5,INCLUIDA,feature_derivada_en_pipeline_de_preprocesamiento,Columna construida durante el derivada — paso 2.5 a partir de variables crudas. Es uno de los features analíticos utilizados directamente en las Secciones 3-5.
nivel_educativo_grupo,Colapso de P8587 a 4 niveles (ninguno/primaria/secundaria/superior),Derivada — Paso 2.5,INCLUIDA,feature_derivada_en_pipeline_de_preprocesamiento,Columna construida durante el derivada — paso 2.5 a partir de variables crudas. Es uno de los features analíticos utilizados directamente en las Secciones 3-5.
zona_establecimiento,Dicotomía urbana/rural a partir de P6223,Derivada — Paso 2.5,INCLUIDA,feature_derivada_en_pipeline_de_preprocesamiento,Columna construida durante el derivada — paso 2.5 a partir de variables crudas. Es uno de los features analíticos utilizados directamente en las Secciones 3-5.
P6167_tratada,Versión winsorizada al p99 de P6167 (min al establecimiento),Derivada — Paso 2.4,EXCLUIDA,feature_derivado_huerfano_cascada_de_exclusion,"Versión winsorizada al p99 de P6167 (minutos al establecimiento). Al excluir P6167 por decisión revisada (logística educativa fuera del scope analítico), este feature derivado queda sin fuente de datos y se excluye en cascada."
P803S1_tratada,Versión winsorizada al p99 de P803S1 (pago celular en pesos),Derivada — Paso 2.4,EXCLUIDA,feature_derivado_huerfano_cascada_de_exclusion,"Versión winsorizada al p99 de P803S1 (gasto celular). Al excluir P803S1 por decisión revisada (gasto monetario reemplazado por features de adopción más directos), este feature derivado queda huérfano y se excluye en cascada."
hh_edad,Feature: edad en años cumplidos (de P6040),Derivada — Paso 3.2,INCLUIDA,feature_derivada_en_pipeline_de_preprocesamiento,Columna construida durante el derivada — paso 3.2 a partir de variables crudas. Es uno de los features analíticos utilizados directamente en las Secciones 3-5.
hh_grupo_etario,Feature: grupo etario (de grupo_etario),Derivada — Paso 3.2,INCLUIDA,feature_derivada_en_pipeline_de_preprocesamiento,Columna construida durante el derivada — paso 3.2 a partir de variables crudas. Es uno de los features analíticos utilizados directamente en las Secciones 3-5.
hh_sexo,Feature: sexo legible (de sexo),Derivada — Paso 3.2,INCLUIDA,feature_derivada_en_pipeline_de_preprocesamiento,Columna construida durante el derivada — paso 3.2 a partir de variables crudas. Es uno de los features analíticos utilizados directamente en las Secciones 3-5.
hh_etnia_grupo,Feature: etnia colapsada (de etnia_grupo),Derivada — Paso 3.2,INCLUIDA,feature_derivada_en_pipeline_de_preprocesamiento,Columna construida durante el derivada — paso 3.2 a partir de variables crudas. Es uno de los features analíticos utilizados directamente en las Secciones 3-5.
hh_educacion_max_padres_codigo,"Feature: max(P6087, P6088) — código DANE 1-10",Derivada — Paso 3.2,INCLUIDA,feature_derivada_en_pipeline_de_preprocesamiento,Columna construida durante el derivada — paso 3.2 a partir de variables crudas. Es uno de los features analíticos utilizados directamente en las Secciones 3-5.
hh_educacion_max_padres_grupo,Feature: max educ padres colapsado a 4 grupos,Derivada — Paso 3.2,INCLUIDA,feature_derivada_en_pipeline_de_preprocesamiento,Columna construida durante el derivada — paso 3.2 a partir de variables crudas. Es uno de los features analíticos utilizados directamente en las Secciones 3-5.
hh_indice_bienestar_subjetivo,Feature: promedio 0-10 de P1895-P3175 (6 escalas de satisfacción),Derivada — Paso 3.2,EXCLUIDA,feature_derivado_huerfano_cascada_de_exclusion,"Feature consolidado a partir del promedio de las 6 escalas de satisfacción (P1895, P1896, P1897, P1898, P1899, P3175). Al excluirse esos 6 insumos por decisión revisada, este feature derivado queda sin fuente de datos y se excluye en cascada. Su nivel de información incremental ya era el más bajo entre todos los features (Fisher ratio ≈ 0.014 en el Paso 4.5)."
edu_alfabetizado,Feature: bool (P6160 == 1),Derivada — Paso 3.3,INCLUIDA,feature_derivada_en_pipeline_de_preprocesamiento,Columna construida durante el derivada — paso 3.3 a partir de variables crudas. Es uno de los features analíticos utilizados directamente en las Secciones 3-5.
edu_asiste_actualmente,Feature: bool (P8586 == 1),Derivada — Paso 3.3,INCLUIDA,feature_derivada_en_pipeline_de_preprocesamiento,Columna construida durante el derivada — paso 3.3 a partir de variables crudas. Es uno de los features analíticos utilizados directamente en las Secciones 3-5.
edu_nivel_grupo,Feature: nivel educativo colapsado (de nivel_educativo_grupo),Derivada — Paso 3.3,INCLUIDA,feature_derivada_en_pipeline_de_preprocesamiento,Columna construida durante el derivada — paso 3.3 a partir de variables crudas. Es uno de los features analíticos utilizados directamente en las Secciones 3-5.
edu_gasto_educativo_persona,Feature: suma de P3341S1..P3348S1 por persona,Derivada — Paso 3.3,EXCLUIDA,feature_derivado_huerfano_cascada_de_exclusion,"Feature consolidado a partir de las 8 categorías de gasto educativo (P3341S1..P3348S1). Al excluir esos 8 insumos por decisión revisada (gasto monetario fuera del scope analítico actual), este feature derivado queda sin fuente de datos y se excluye en cascada."
edu_gasto_educativo_hogar_total,Feature: suma del gasto por persona agregado por hogar,Derivada — Paso 3.3,EXCLUIDA,feature_derivado_huerfano_cascada_de_exclusion,"Feature consolidado a partir de las 8 categorías de gasto educativo (P3341S1..P3348S1). Al excluir esos 8 insumos por decisión revisada (gasto monetario fuera del scope analítico actual), este feature derivado queda sin fuente de datos y se excluye en cascada."
tic_indice_habilidades_digitales,Feature: conteo de 1's en P1710S1..S12 (0-12),Derivada — Paso 3.4,INCLUIDA,feature_derivada_en_pipeline_de_preprocesamiento,Columna construida durante el derivada — paso 3.4 a partir de variables crudas. Es uno de los features analíticos utilizados directamente en las Secciones 3-5.
tic_diversidad_dispositivos,Feature: conteo de 1's en P765S1..S8 (0-8),Derivada — Paso 3.4,INCLUIDA,feature_derivada_en_pipeline_de_preprocesamiento,Columna construida durante el derivada — paso 3.4 a partir de variables crudas. Es uno de los features analíticos utilizados directamente en las Secciones 3-5.
tic_diversidad_usos_internet,Feature: conteo de 1's en P1083S1..S21 (0-21),Derivada — Paso 3.4,INCLUIDA,feature_derivada_en_pipeline_de_preprocesamiento,Columna construida durante el derivada — paso 3.4 a partir de variables crudas. Es uno de los features analíticos utilizados directamente en las Secciones 3-5.
tic_frecuencia_uso_celular,"Feature: copia de P769 (1=diaria, 4=menor)",Derivada — Paso 3.4,INCLUIDA,feature_derivada_en_pipeline_de_preprocesamiento,Columna construida durante el derivada — paso 3.4 a partir de variables crudas. Es uno de los features analíticos utilizados directamente en las Secciones 3-5.
tic_frecuencia_uso_internet,"Feature: copia de P1084 (1=diaria, 5=no usa)",Derivada — Paso 3.4,INCLUIDA,feature_derivada_en_pipeline_de_preprocesamiento,Columna construida durante el derivada — paso 3.4 a partir de variables crudas. Es uno de los features analíticos utilizados directamente en las Secciones 3-5.
